City_ID,City,Country,Lat,Lng,Max Temp,Humidity,Cloudiness,Wind Speed,Current Description
0,Tabou,CI,4.423,-7.3528,79.93,75,74,10.0,broken clouds
1,Severo-Kurilsk,RU,50.6789,156.125,43.39,82,100,14.27,overcast clouds
2,Hithadhoo,MV,-0.6,73.0833,81.97,72,88,15.41,overcast clouds
3,Vanavara,RU,60.34,102.2797,27.19,85,89,4.81,overcast clouds
4,Kaitangata,NZ,-46.2817,169.8464,48.06,85,99,3.27,overcast clouds
5,Kloulklubed,PW,7.0419,134.2556,82.27,77,100,14.7,overcast clouds
6,Cape Town,ZA,-33.9258,18.4232,68.38,76,100,5.99,overcast clouds
7,Thompson,CA,55.7435,-97.8558,33.96,93,100,13.8,overcast clouds
8,Victor Harbor,AU,-35.5667,138.6167,49.68,92,24,2.8,few clouds
9,Skegness,GB,53.1436,0.3363,58.33,59,94,21.34,light rain
10,Carnarvon,AU,-24.8667,113.6333,65.37,74,0,15.68,clear sky
11,Sao Filipe,CV,14.8961,-24.4956,77.81,76,24,6.87,few clouds
12,Punta Arenas,CL,-53.15,-70.9167,53.71,32,0,25.32,clear sky
13,Busselton,AU,-33.65,115.3333,48.15,86,94,7.65,overcast clouds
14,La Grande,US,45.3246,-118.0877,63.66,32,22,2.84,few clouds
15,Vao,NC,-22.6667,167.4833,67.91,62,2,8.12,clear sky
16,Ushuaia,AR,-54.8,-68.3,49.66,40,0,25.32,clear sky
17,Rikitea,PF,-23.1203,-134.9692,73.09,81,17,15.73,light rain
18,San Quintin,MX,30.4833,-115.95,65.7,63,96,2.64,overcast clouds
19,Bandarbeyla,SO,9.4942,50.8122,77.61,87,4,9.22,clear sky
20,Bluff,NZ,-46.6,168.3333,51.96,87,99,6.38,overcast clouds
21,Albany,US,42.6001,-73.9662,65.43,56,45,7.0,scattered clouds
22,Harper,LR,4.375,-7.7169,80.29,73,61,10.54,broken clouds
23,Mataura,NZ,-46.1927,168.8643,47.77,86,99,1.01,overcast clouds
24,Ancud,CL,-41.8697,-73.8203,55.15,65,43,5.01,scattered clouds
25,Longavi,CL,-35.9667,-71.6833,71.83,38,12,7.67,few clouds
26,Tokuyama,JP,34.05,131.8167,64.02,86,0,5.08,clear sky
27,Khatanga,RU,71.9667,102.5,33.13,98,100,18.41,overcast clouds
28,Kapaa,US,22.0752,-159.319,71.1,78,20,8.05,few clouds
29,Cockburn Town,TC,21.4612,-71.1419,84.16,65,40,11.5,scattered clouds
30,Hilo,US,19.7297,-155.09,81.28,100,100,6.91,moderate rain
31,Iqaluit,CA,63.7506,-68.5145,33.53,100,100,16.11,light rain
32,Barrow,US,71.2906,-156.7887,3.22,85,0,8.05,clear sky
33,Mitu,CO,1.1983,-70.1733,89.11,53,82,3.69,broken clouds
34,Ukiah,US,39.1502,-123.2078,80.04,35,0,3.18,clear sky
35,Shetpe,KZ,44.1667,52.1167,58.19,52,100,3.96,overcast clouds
36,Hobart,AU,-42.8794,147.3294,46.26,80,100,5.75,overcast clouds
37,Saskylakh,RU,71.9167,114.0833,30.54,92,92,13.15,overcast clouds
38,Fortuna,US,40.5982,-124.1573,52.14,48,0,2.26,clear sky
39,Quimper,FR,48.0,-4.1,61.38,82,48,10.36,scattered clouds
40,Havoysund,NO,70.9963,24.6622,41.23,86,29,15.55,scattered clouds
41,Udachnyy,RU,66.4167,112.4,14.29,94,98,4.18,overcast clouds
42,Pacific Grove,US,36.6177,-121.9166,58.51,89,100,7.0,overcast clouds
43,Sao Joao Da Barra,BR,-21.6403,-41.0511,82.49,64,45,11.16,scattered clouds
44,Venice,US,27.0998,-82.4543,89.15,69,4,5.01,clear sky
45,Derzhavinsk,KZ,51.1,66.3167,52.52,45,58,3.8,broken clouds
46,Komsomolskiy,UZ,40.4272,71.7189,59.72,38,8,2.3,clear sky
47,Bubaque,GW,11.2833,-15.8333,81.9,76,93,8.32,light rain
48,Nikolskoye,RU,59.7035,30.7861,53.49,80,100,8.43,overcast clouds
49,Georgetown,MY,5.4112,100.3354,76.95,95,40,5.75,scattered clouds
50,Ilebo,CD,-4.3167,20.5833,74.16,86,97,0.6,light rain
51,Dunkwa,GH,5.9656,-1.78,75.88,94,100,1.97,light rain
52,Talnakh,RU,69.4865,88.3972,33.21,98,100,8.34,snow
53,Kavieng,PG,-2.5744,150.7967,82.24,77,35,11.88,scattered clouds
54,Dikson,RU,73.5069,80.5464,32.18,74,94,15.5,overcast clouds
55,Atuona,PF,-9.8,-139.0333,76.19,73,10,15.3,clear sky
56,Launceston,AU,-41.45,147.1667,45.16,93,40,8.05,scattered clouds
57,Ovsyanka,RU,55.9575,92.5519,25.77,84,21,2.42,few clouds
58,Burkburnett,US,34.0979,-98.5706,84.87,52,0,18.41,clear sky
59,Longyearbyen,SJ,78.2186,15.6401,19.24,73,0,8.05,clear sky
60,Rawson,AR,-43.3002,-65.1023,69.71,31,99,9.71,overcast clouds
61,Chokurdakh,RU,70.6333,147.9167,9.3,97,95,7.99,overcast clouds
62,Puerto Escondido,MX,15.85,-97.0667,86.83,58,40,3.44,scattered clouds
63,Walla Walla,US,46.0646,-118.343,72.45,61,0,5.75,clear sky
64,Qaanaaq,GL,77.484,-69.3632,30.72,69,100,33.71,light snow
65,Bredasdorp,ZA,-34.5322,20.0403,59.2,88,100,20.76,overcast clouds
66,Cutlerville,US,42.8409,-85.6636,49.84,66,75,18.41,broken clouds
67,Mackay,AU,-21.15,149.2,70.68,80,7,2.93,clear sky
68,Batemans Bay,AU,-35.7167,150.1833,58.1,95,91,6.38,overcast clouds
69,Hermanus,ZA,-34.4187,19.2345,61.81,85,100,21.54,overcast clouds
70,Niquero,CU,20.0431,-77.5828,85.19,67,100,1.77,overcast clouds
71,Mbini,GQ,1.574,9.6134,77.11,85,90,8.08,light rain
72,Upernavik,GL,72.7868,-56.1549,23.52,68,82,6.62,broken clouds
73,Puerto Ayora,EC,-0.7393,-90.3518,76.96,87,80,11.01,broken clouds
74,Ribeira Grande,PT,38.5167,-28.7,72.0,64,40,14.97,scattered clouds
75,Sao Gabriel Da Cachoeira,BR,-0.1303,-67.0892,93.54,46,95,3.38,light rain
76,Yanaul,RU,56.2719,54.9309,44.24,89,99,6.31,overcast clouds
77,Ust-Ilimsk,RU,58.0006,102.6619,27.21,93,67,3.87,broken clouds
78,Shellbrook,CA,53.2168,-106.4011,35.04,51,28,17.45,scattered clouds
79,Ulaanbaatar,MN,47.9077,106.8832,19.53,73,40,2.24,scattered clouds
80,Pyay,MM,18.8167,95.2167,74.89,94,74,0.34,broken clouds
81,Port Lincoln,AU,-34.7333,135.8667,51.75,78,65,0.45,broken clouds
82,Nakhon Thai,TH,17.1006,100.8374,68.05,98,100,1.07,overcast clouds
83,Vardo,NO,70.3705,31.1107,40.98,87,100,9.22,overcast clouds
84,Norman Wells,CA,65.282,-126.8329,8.64,92,100,6.91,fog
85,Manaus,BR,-3.1019,-60.025,79.29,89,75,11.5,heavy intensity rain
86,Srednekolymsk,RU,67.45,153.6833,10.36,96,96,6.69,overcast clouds
87,Narsaq,GL,60.9167,-46.05,37.62,73,7,7.25,clear sky
88,Safford,US,32.834,-109.7076,79.72,34,20,10.36,few clouds
89,Ugoofaaru,MV,5.6667,73.0,81.32,81,43,16.71,scattered clouds
90,Pelym,RU,61.0108,61.9978,40.98,92,100,4.09,overcast clouds
91,Vila Franca Do Campo,PT,37.7167,-25.4333,70.21,63,83,8.63,broken clouds
92,Alyangula,AU,-13.8483,136.4192,80.71,78,67,6.29,broken clouds
93,Tuktoyaktuk,CA,69.4541,-133.0374,25.41,79,38,11.68,scattered clouds
94,Basoko,CD,1.2391,23.616,76.91,82,46,5.77,light rain
95,Cabo San Lucas,MX,22.8909,-109.9124,83.5,61,20,17.27,few clouds
96,Nemuro,JP,43.3236,145.575,56.3,86,18,4.81,few clouds
97,Yellowknife,CA,62.456,-114.3525,26.56,63,58,8.99,broken clouds
98,Saint-Philippe,RE,-21.3585,55.7679,71.19,79,36,10.2,scattered clouds
99,Avarua,CK,-21.2078,-159.775,73.45,78,46,2.3,scattered clouds
100,Pangnirtung,CA,66.1451,-65.7125,38.43,83,100,1.43,overcast clouds
101,Qaqortoq,GL,60.7167,-46.0333,40.98,71,5,7.74,clear sky
102,Husavik,IS,66.0449,-17.3389,37.35,98,100,30.58,overcast clouds
103,Jamestown,US,42.097,-79.2353,54.05,47,100,21.85,overcast clouds
104,Yashkino,RU,55.8736,85.4265,34.79,65,100,4.14,overcast clouds
105,Vaini,TO,-21.2,-175.2,66.36,100,40,0.0,scattered clouds
106,Bengkulu,ID,-3.8004,102.2655,75.61,90,100,3.4,overcast clouds
107,Bathsheba,BB,13.2167,-59.5167,88.41,70,20,10.36,few clouds
108,Tasiilaq,GL,65.6145,-37.6368,35.76,66,0,3.2,clear sky
109,Lagoa,PT,39.05,-27.9833,67.08,63,92,21.92,overcast clouds
110,Na Wa,TH,17.4897,104.1006,68.49,69,99,2.91,overcast clouds
111,Revuca,SK,48.6835,20.1173,56.57,78,100,3.09,overcast clouds
112,Faanui,PF,-16.4833,-151.75,78.73,76,16,13.09,few clouds
113,Geraldton,AU,-28.7667,114.6,54.01,82,0,9.22,clear sky
114,Pontiac,US,42.6389,-83.2911,50.76,54,75,14.97,broken clouds
115,East London,ZA,-33.0153,27.9116,63.54,94,100,9.22,light rain
116,Vryburg,ZA,-26.9566,24.7284,80.31,18,57,8.19,broken clouds
117,Kawhia,NZ,-38.0651,174.8183,48.51,84,100,5.12,overcast clouds
118,Kita,ML,13.0349,-9.4895,85.17,55,92,2.8,overcast clouds
119,Labuan,MY,5.2767,115.2417,81.81,79,80,10.76,broken clouds
120,Saldanha,ZA,-33.0117,17.9442,63.61,78,100,16.28,overcast clouds
121,Borba,BR,-4.3878,-59.5939,77.86,85,99,2.82,moderate rain
122,Kattivakkam,IN,13.2167,80.3167,84.29,78,18,5.84,few clouds
123,Bimbo,CF,4.2567,18.4158,73.36,94,99,2.71,overcast clouds
124,Mitsamiouli,KM,-11.3847,43.2844,75.83,74,15,9.1,few clouds
125,Jalu,LY,29.0331,21.5482,77.07,40,52,17.27,broken clouds
126,Pitimbu,BR,-7.4706,-34.8086,82.99,66,71,17.27,broken clouds
127,Paamiut,GL,61.994,-49.6678,36.86,73,0,20.6,clear sky
128,Asau,RO,46.4333,26.4,47.32,72,59,1.63,broken clouds
129,Clyde River,CA,70.4692,-68.5914,30.33,93,98,14.47,overcast clouds
130,Kishtwar,IN,33.3167,75.7667,55.2,63,1,4.16,clear sky
131,Zaltan,LY,32.947,11.8665,76.15,53,0,8.5,clear sky
132,Palmas,BR,-10.2128,-48.3603,91.27,46,75,10.36,broken clouds
133,Butaritari,KI,3.0707,172.7902,80.94,74,69,19.86,broken clouds
134,Belmonte,BR,-15.8631,-38.8828,79.86,64,19,9.78,few clouds
135,Bambous Virieux,MU,-20.3428,57.7575,71.85,68,20,6.91,few clouds
136,Seoul,KR,37.5683,126.9778,58.44,47,100,2.53,overcast clouds
137,Raymond,US,43.9015,-70.4703,68.52,67,20,7.05,few clouds
138,Port Shepstone,ZA,-30.7414,30.455,66.94,78,100,8.57,overcast clouds
139,Haverfordwest,GB,51.8017,-4.9691,54.99,88,69,4.0,light rain
140,Bosaso,SO,11.2842,49.1816,81.41,71,0,3.65,clear sky
141,Aksu,CN,41.1231,80.2644,57.76,20,6,2.77,clear sky
142,Saint-Pierre,RE,-21.3393,55.4781,74.57,73,75,1.14,broken clouds
143,Souillac,MU,-20.5167,57.5167,71.98,68,20,6.91,few clouds
144,Asyut,EG,27.181,31.1837,83.41,29,1,6.96,clear sky
145,Humaita,BR,-7.5061,-63.0208,93.61,44,79,1.86,broken clouds
146,Flinders,AU,-34.5833,150.8552,56.37,75,72,1.99,broken clouds
147,Te Anau,NZ,-45.4167,167.7167,48.25,96,100,3.33,overcast clouds
148,Gusau,NG,12.1628,6.6614,85.41,31,60,4.12,broken clouds
149,Kulhudhuffushi,MV,6.6221,73.07,81.21,78,79,14.36,broken clouds
150,Mosquera,CO,4.7059,-74.2302,64.49,59,75,2.3,light rain
151,Nanortalik,GL,60.1432,-45.2371,40.62,79,0,1.45,clear sky
152,Lakes Entrance,AU,-37.8811,147.981,53.17,71,96,4.41,overcast clouds
153,Novyy Urengoy,RU,66.0833,76.6333,33.26,86,98,8.23,overcast clouds
154,Airai,TL,-8.9266,125.4092,61.72,80,56,2.51,broken clouds
155,Zavetnoye,RU,47.1194,43.8903,49.06,56,1,9.95,clear sky
156,Haimen,CN,23.1935,116.6142,75.97,79,100,6.51,overcast clouds
157,Saint George,US,37.1041,-113.5841,72.79,22,0,3.44,clear sky
158,Utete,TZ,-7.986,38.758,74.17,72,45,9.13,scattered clouds
159,Cherskiy,RU,68.75,161.3,9.07,96,99,7.61,light snow
160,Pisco,PE,-13.7,-76.2167,66.25,68,3,9.22,haze
161,Yar-Sale,RU,66.8333,70.8333,38.28,83,99,3.4,overcast clouds
162,San Patricio,US,28.017,-97.5169,89.69,49,31,11.95,scattered clouds
163,Alofi,NU,-19.0595,-169.9187,77.56,83,6,12.88,clear sky
164,Rawlins,US,41.7911,-107.2387,51.69,35,0,4.61,clear sky
165,Petropavlovsk-Kamchatskiy,RU,53.0452,158.6483,36.66,77,93,10.71,overcast clouds
166,Najran,SA,17.4924,44.1277,72.99,16,5,6.89,clear sky
167,Kurilsk,RU,45.2333,147.8833,50.22,77,59,4.0,broken clouds
168,Victoria,HK,22.2855,114.1577,83.32,48,100,8.99,overcast clouds
169,Zanjan,IR,36.6736,48.4787,65.5,23,86,7.94,overcast clouds
170,Cizre,TR,37.3272,42.1903,72.61,32,0,3.44,clear sky
171,Brigantine,US,39.4101,-74.3646,71.04,50,0,14.97,clear sky
172,Tucano,BR,-10.9631,-38.7867,95.22,22,6,12.44,clear sky
173,Dingle,PH,10.9995,122.6711,78.15,85,98,7.72,overcast clouds
174,Leningradskiy,RU,69.3833,178.4167,8.56,90,33,5.14,scattered clouds
175,Codlea,RO,45.7,25.45,49.91,42,33,3.13,scattered clouds
176,Ayan,RU,56.45,138.1667,39.63,75,100,12.21,overcast clouds
177,Ponta Do Sol,PT,32.6667,-17.1,76.01,75,63,2.68,broken clouds
178,Sarangani,PH,5.4033,125.4636,84.25,76,86,14.25,overcast clouds
179,Eyl,SO,7.9803,49.8164,78.73,79,4,15.61,clear sky
180,Keti Bandar,PK,24.1447,67.4497,82.38,59,30,10.87,scattered clouds
181,New Norfolk,AU,-42.7826,147.0587,45.9,63,7,2.62,clear sky
182,Tianpeng,CN,30.9866,103.9393,65.71,69,80,4.23,broken clouds
183,Mahibadhoo,MV,3.7833,72.9667,80.37,80,90,17.27,overcast clouds
184,Savalou,BJ,7.9281,1.9756,79.41,82,99,1.97,overcast clouds
185,Gizo,SB,-8.103,156.8419,81.46,73,45,3.67,scattered clouds
186,Semporna,MY,4.4818,118.6112,79.68,84,76,0.18,light rain
187,Chuy,UY,-33.6971,-53.4616,62.28,62,96,14.67,overcast clouds
188,Tooele,US,40.5308,-112.2983,66.9,31,0,9.22,clear sky
189,La Tuque,CA,47.4334,-72.7824,48.45,81,1,3.44,clear sky
190,Dzhebariki-Khaya,RU,62.2167,135.8,16.56,97,98,0.45,light snow
191,Guerrero Negro,MX,27.9769,-114.0611,69.49,59,89,5.06,overcast clouds
192,Boyolangu,ID,-8.1181,111.8935,76.24,90,100,4.61,light rain
193,Lebu,CL,-37.6167,-73.65,56.61,66,94,18.95,overcast clouds
194,Havelock,US,34.8791,-76.9013,75.18,51,0,5.01,clear sky
195,Esna,EG,25.2934,32.554,84.02,18,10,8.88,clear sky
196,Kodiak,US,57.79,-152.4072,47.71,93,100,4.61,overcast clouds
197,Kirakira,SB,-10.4544,161.9205,79.57,83,37,4.5,scattered clouds
198,Diffa,NE,13.3154,12.6113,89.65,12,83,8.43,broken clouds
199,Boende,CD,-0.2167,20.8667,75.38,80,97,3.65,overcast clouds
200,Provideniya,RU,64.3833,-173.3,26.15,76,69,11.81,broken clouds
201,Ban Nahin,LA,18.2418,104.2122,69.21,67,100,3.53,overcast clouds
202,Kahului,US,20.8947,-156.47,78.82,82,40,8.05,moderate rain
203,Kalaleh,IR,37.3807,55.4916,73.33,40,8,3.42,clear sky
204,Kyabe,TD,9.4515,18.9449,80.2,67,90,1.5,overcast clouds
205,Solnechnyy,RU,50.7214,136.6319,43.41,97,100,4.16,overcast clouds
206,Ramanuj Ganj,IN,23.8,83.7,72.37,74,75,2.77,broken clouds
207,Ponta Delgada,PT,37.7333,-25.6667,70.52,64,40,14.97,scattered clouds
208,Fare,PF,-16.7,-151.0167,78.19,77,1,13.02,light rain
209,Ust-Nera,RU,64.5667,143.2,-0.53,100,78,4.18,broken clouds
210,Bantry,IE,51.6833,-9.45,51.31,80,76,24.7,broken clouds
211,Cap-Aux-Meules,CA,47.3821,-61.8597,57.22,77,100,14.97,overcast clouds
212,Kiama,AU,-34.6833,150.8667,62.01,74,76,3.0,broken clouds
213,Mineiros,BR,-17.5694,-52.5511,95.94,15,10,6.89,clear sky
214,Castro,BR,-24.7911,-50.0119,60.3,93,100,5.55,light rain
215,Iberia,US,29.9502,-91.7507,84.06,47,0,5.75,clear sky
216,Praia Da Vitoria,PT,38.7333,-27.0667,71.76,71,100,15.26,light rain
217,Sabak,MY,3.7675,100.9875,75.58,89,63,2.55,broken clouds
218,Saint-Joseph,RE,-21.3667,55.6167,73.47,78,44,8.81,scattered clouds
219,Baruun-Urt,MN,46.6806,113.2792,26.01,46,1,10.87,clear sky
220,Talcahuano,CL,-36.7167,-73.1167,67.68,56,0,17.27,clear sky
221,Peniche,PT,39.3558,-9.3811,70.09,83,99,7.23,overcast clouds
222,Izhma,RU,65.0083,53.9113,38.28,96,100,3.49,light rain
223,Malanville,BJ,11.8685,3.3899,88.79,46,97,2.39,overcast clouds
224,Kutum,SD,14.2,24.6667,83.17,20,9,6.13,clear sky
225,Viedma,AR,-40.8135,-62.9967,72.19,19,3,16.49,clear sky
226,Fort Myers Beach,US,26.452,-81.9481,90.05,69,40,10.36,scattered clouds
227,Berdigestyakh,RU,62.0989,126.6992,22.03,97,100,4.21,overcast clouds
228,Jining,CN,35.405,116.5814,65.55,47,99,4.36,overcast clouds
229,Gebre Guracha,ET,9.8,38.4,56.77,68,54,4.79,broken clouds
230,Marzuq,YE,14.4,46.4667,73.92,52,21,5.66,few clouds
231,Mayumba,GA,-3.432,10.6554,77.18,85,83,8.88,broken clouds
232,Rocha,UY,-34.4833,-54.3333,63.45,54,100,13.91,overcast clouds
233,Tommot,RU,58.9564,126.2925,21.49,99,100,2.51,overcast clouds
234,Bouca,CF,6.5105,18.2733,73.4,89,100,2.98,overcast clouds
235,Tezu,IN,27.9167,96.1667,71.89,81,1,3.47,clear sky
236,Inhambane,MZ,-23.865,35.3833,75.18,73,20,6.91,few clouds
237,Tuy Hoa,VN,13.0833,109.3,74.64,89,99,4.38,overcast clouds
238,Ribas Do Rio Pardo,BR,-20.4431,-53.7592,91.06,33,96,9.82,overcast clouds
239,Ndele,CF,8.4109,20.6473,77.63,74,85,2.66,overcast clouds
240,Mahur,IN,25.1667,93.1167,65.28,94,9,2.35,clear sky
241,Comodoro Rivadavia,AR,-45.8667,-67.5,67.86,32,20,10.36,few clouds
242,Bairiki,KI,1.3292,172.9752,80.6,83,40,10.36,scattered clouds
243,Codrington,AU,-38.2667,141.9667,44.29,95,27,5.5,scattered clouds
244,San Cristobal,VE,7.7669,-72.225,80.78,48,98,6.24,overcast clouds
245,Joshimath,IN,30.5667,79.5667,56.35,50,9,6.26,clear sky
246,Novobirilyussy,RU,56.9514,90.6661,30.29,85,75,5.79,broken clouds
247,Saint Anthony,US,45.0205,-93.218,52.48,55,75,16.11,broken clouds
248,Port Elizabeth,ZA,-33.918,25.5701,64.09,81,100,14.97,overcast clouds
249,Almenara,BR,-16.1836,-40.6944,86.45,38,68,8.1,broken clouds
250,Florianopolis,BR,-27.6146,-48.5012,68.41,93,75,14.97,broken clouds
251,Moose Jaw,CA,50.4001,-105.5344,44.94,60,98,18.28,overcast clouds
252,Sitka,US,57.0531,-135.33,58.89,82,100,13.8,overcast clouds
253,Mareeba,AU,-17.0,145.4333,70.52,89,18,3.06,few clouds
254,Asfi,MA,32.2994,-9.2372,74.64,68,37,9.82,scattered clouds
255,Fort Smith,US,35.3859,-94.3986,84.34,45,0,10.36,clear sky
256,Severo-Yeniseyskiy,RU,60.3725,93.0408,26.13,87,77,3.36,broken clouds
257,Iracoubo,GF,5.4802,-53.2011,85.42,69,17,12.8,few clouds
258,Port Alfred,ZA,-33.5906,26.891,64.18,87,100,7.0,overcast clouds
259,Palana,RU,59.1167,159.9667,30.92,82,100,6.15,light snow
260,Vila Velha,BR,-20.3297,-40.2925,80.55,75,40,11.5,scattered clouds
261,Carmen,MX,18.6333,-91.8333,84.24,79,75,9.22,broken clouds
262,Sao Jose Da Coroa Grande,BR,-8.8978,-35.1478,78.82,76,27,14.88,scattered clouds
263,Kalmunai,LK,7.4167,81.8167,79.59,79,100,7.29,moderate rain
264,Banda Aceh,ID,5.5577,95.3222,78.42,80,100,17.0,overcast clouds
265,Hay River,CA,60.8156,-115.7999,30.18,74,100,5.75,overcast clouds
266,Cidreira,BR,-30.1811,-50.2056,63.86,78,100,16.71,overcast clouds
267,Khasan,RU,42.4308,130.6434,54.79,71,54,3.67,broken clouds
268,Verkhnevilyuysk,RU,63.4453,120.3167,22.12,93,70,5.91,broken clouds
269,Lulea,SE,65.5842,22.1547,48.27,100,75,13.8,broken clouds
270,Horuphav,DK,54.9102,9.8987,58.95,82,100,8.05,light rain
271,Constitucion,CL,-35.3333,-72.4167,65.73,49,21,11.07,few clouds
272,Mana,GF,5.6592,-53.7767,86.85,65,40,12.8,scattered clouds
273,Nalut,LY,30.3333,10.85,77.25,27,2,8.08,clear sky
274,Tiksi,RU,71.6872,128.8694,21.13,84,100,22.48,overcast clouds
275,Aklavik,CA,68.2191,-135.0107,23.0,68,20,5.75,few clouds
276,Spencer,US,43.1414,-95.1444,54.75,51,72,14.81,broken clouds
277,Yekaterinovka,RU,52.0508,44.3451,40.12,65,24,4.52,few clouds
278,Karasjok,NO,69.4719,25.5112,40.53,96,100,10.6,overcast clouds
279,Chara,RU,56.9064,118.2631,21.6,79,41,3.04,scattered clouds
280,Isangel,VU,-19.55,169.2667,69.8,68,9,6.29,clear sky
281,Samoded,RU,63.6083,40.5111,43.97,96,100,4.85,overcast clouds
282,Gwanda,ZW,-20.9333,29.0,80.65,29,31,11.41,scattered clouds
283,Buala,SB,-8.145,159.5921,79.09,74,93,3.53,overcast clouds
284,Port Augusta,AU,-32.5,137.7667,57.65,65,100,9.64,overcast clouds
285,Bowling Green,US,36.9903,-86.4436,71.55,36,0,5.75,clear sky
286,Laguna,US,38.421,-121.4238,70.93,76,0,5.75,clear sky
287,Yulara,AU,-25.2406,130.9889,70.79,40,40,11.79,scattered clouds
288,Pangody,RU,65.85,74.4859,34.05,88,84,7.83,broken clouds
289,Pevek,RU,69.7008,170.3133,15.78,94,100,5.99,light snow
290,Shenjiamen,CN,29.9576,122.298,69.21,81,97,12.66,overcast clouds
291,Rabo De Peixe,PT,37.8,-25.5833,69.31,64,40,16.11,scattered clouds
292,Guacimo,CR,10.2104,-83.6807,85.3,69,29,4.65,scattered clouds
293,Torbay,CA,47.6666,-52.7314,62.89,83,75,9.22,broken clouds
294,Abha,SA,18.2164,42.5053,62.85,72,0,6.91,clear sky
295,Nanning,CN,22.8167,108.3167,63.05,42,62,4.92,broken clouds
296,Pella,RU,59.7775,30.8181,51.85,80,100,8.43,overcast clouds
297,Sambava,MG,-14.2667,50.1667,71.01,84,56,11.07,light rain
298,Orel-Izumrud,RU,43.4583,39.9244,59.02,87,92,6.71,overcast clouds
299,Igarka,RU,67.4667,86.5833,33.04,83,100,14.56,overcast clouds
300,Lorengau,PG,-2.0226,147.2712,81.68,79,31,7.74,scattered clouds
301,Marawi,PH,7.9986,124.2928,70.79,91,100,3.65,overcast clouds
302,Manoel Urbano,BR,-8.8389,-69.2597,81.63,69,100,3.53,overcast clouds
303,Springbok,ZA,-29.6643,17.8865,61.29,53,98,15.77,overcast clouds
304,Kashira,RU,54.8444,38.1669,41.86,78,86,5.48,overcast clouds
305,Carballo,ES,43.213,-8.691,64.9,94,100,8.97,moderate rain
306,Newport Beach,US,33.6189,-117.9289,69.03,87,100,1.99,overcast clouds
307,Kuytun,RU,54.3419,101.5036,26.15,86,11,3.2,few clouds
308,Aksarka,RU,66.5606,67.7975,38.62,91,100,2.08,light rain
309,Esso,RU,55.9333,158.7,21.0,95,64,5.12,broken clouds
310,Bismil,TR,37.8486,40.6658,64.51,49,100,8.28,overcast clouds
311,Calatayud,ES,41.3535,-1.6432,76.68,26,2,10.33,clear sky
312,Faya,SA,18.3851,42.4509,68.11,55,1,4.09,clear sky
313,Torrington,US,41.8007,-73.1212,68.77,53,10,3.0,clear sky
314,Kruisfontein,ZA,-34.0033,24.7314,61.88,86,100,14.79,overcast clouds
315,Dosso,NE,13.049,3.1937,93.04,32,99,6.42,overcast clouds
316,Mumford,GH,5.2618,-0.759,78.67,83,100,13.91,light rain
317,Kasongo-Lunda,CD,-6.4667,16.8167,77.4,75,100,1.72,light rain
318,Trairi,BR,-3.2778,-39.2689,86.74,56,6,17.02,clear sky
319,Mahebourg,MU,-20.4081,57.7,71.89,68,20,6.91,few clouds
320,Mehamn,NO,71.0357,27.8492,37.35,87,17,2.3,few clouds
321,Shumikha,RU,55.2261,63.2961,46.89,73,98,5.23,overcast clouds
322,Sorong,ID,-0.8833,131.25,78.28,88,100,7.09,moderate rain
323,Sur,OM,22.5667,59.5289,81.21,40,1,6.06,clear sky
324,Caala,AO,-12.8525,15.5606,61.52,85,99,8.86,moderate rain
325,Lompoc,US,34.6391,-120.4579,65.01,94,100,3.44,overcast clouds
326,Mar Del Plata,AR,-38.0023,-57.5575,63.09,81,75,20.0,broken clouds
327,Tupik,RU,54.4253,119.9327,27.79,80,100,12.46,light snow
328,Sfantu Gheorghe,RO,45.8667,25.7833,49.93,72,31,3.33,scattered clouds
329,Katherine,AU,-14.4667,132.2667,84.52,61,76,4.61,broken clouds
330,College,US,64.8569,-147.8028,29.21,71,75,4.61,broken clouds
331,Nanakuli,US,21.3906,-158.1547,75.15,75,0,4.61,clear sky
332,Cantagallo,CO,7.376,-73.9196,84.78,59,79,0.25,broken clouds
333,Bethel,US,41.3712,-73.414,69.19,52,0,9.22,clear sky
334,Douentza,ML,14.9951,-2.9517,97.66,22,29,9.46,scattered clouds
335,Energeticheskiy,KZ,43.4278,77.0222,52.36,32,40,0.0,smoke
336,Moranbah,AU,-22.0016,148.0466,71.46,73,6,1.43,clear sky
337,Luderitz,NA,-26.6481,15.1594,74.14,36,89,8.3,overcast clouds
338,Evensk,RU,61.95,159.2333,19.53,71,94,8.68,overcast clouds
339,Bilibino,RU,68.0546,166.4372,-8.66,100,98,2.21,overcast clouds
340,Kifri,IQ,34.6959,44.9661,83.86,15,72,6.76,broken clouds
341,Turukhansk,RU,65.8167,87.9833,31.57,79,100,12.03,overcast clouds
342,Gondanglegi,ID,-7.7479,112.0132,76.39,87,93,10.0,overcast clouds
343,Arraial Do Cabo,BR,-22.9661,-42.0278,78.66,61,0,13.8,clear sky
344,Caravelas,BR,-17.7125,-39.2481,81.28,58,67,10.2,broken clouds
345,Panjab,AF,34.388,67.0233,44.38,22,0,6.02,clear sky
346,Hovd,MN,48.0056,91.6419,29.86,55,0,0.54,clear sky
347,Xingtai,CN,37.0631,114.4942,65.37,43,99,5.84,overcast clouds
348,Bud,US,39.447,-86.1758,57.74,43,37,10.6,scattered clouds
349,Birao,CF,10.2849,22.7882,80.73,39,51,1.66,broken clouds
350,Guangyuan,CN,32.442,105.823,59.92,80,98,3.42,overcast clouds
351,Sharjah,AE,25.3573,55.4033,87.78,62,0,10.36,clear sky
352,Tuatapere,NZ,-46.1333,167.6833,50.02,89,99,4.21,overcast clouds
353,Alice Springs,AU,-23.7,133.8833,62.15,77,75,5.75,broken clouds
354,Port Hawkesbury,CA,45.6169,-61.3485,59.97,98,100,16.11,mist
355,Kostomuksha,RU,64.571,30.5767,45.91,96,100,8.77,overcast clouds
356,Mahanoro,MG,-19.9,48.8,69.01,79,0,5.77,clear sky
357,Espanola,US,35.9911,-106.0806,72.0,31,0,1.01,clear sky
358,Gat,IL,31.61,34.7642,75.88,100,7,6.6,clear sky
359,Changji,CN,44.0167,87.3167,54.39,28,0,2.24,clear sky
360,Eureka,US,40.8021,-124.1637,54.21,61,2,3.51,clear sky
361,Mahon,ES,39.8885,4.2658,72.16,83,0,6.91,clear sky
362,Bereda,ES,43.2686,-7.5406,66.42,99,100,6.4,overcast clouds
363,Dicabisagan,PH,17.0818,122.4157,77.02,87,100,8.3,overcast clouds
364,The Valley,AI,18.217,-63.0578,89.46,70,40,13.8,scattered clouds
365,Tambovka,RU,50.0969,128.0489,35.91,41,2,9.44,clear sky
366,Baicheng,CN,45.6167,122.8167,40.12,34,56,9.13,broken clouds
367,Quatre Cocos,MU,-20.2078,57.7625,71.71,71,40,12.46,scattered clouds
368,Svetlyy,RU,54.675,20.1347,57.25,85,100,9.48,overcast clouds
369,Grand Baie,MU,-20.0182,57.5802,72.07,70,16,3.0,few clouds
370,Naryan-Mar,RU,67.6713,53.087,40.42,97,100,6.42,overcast clouds
371,Zhengjiatun,CN,43.5064,123.5064,48.34,33,100,14.94,overcast clouds
372,Heihe,CN,50.2441,127.4902,36.18,38,24,9.1,few clouds
373,Coahuayana,MX,18.7333,-103.6833,87.48,67,60,3.2,broken clouds
374,Teacapan,MX,22.55,-105.75,84.99,66,26,3.04,scattered clouds
375,Nuuk,GL,64.1835,-51.7216,32.61,69,0,19.57,clear sky
376,Laem Sing,TH,12.4816,102.0738,74.01,81,95,9.01,overcast clouds
377,Viransehir,TR,37.2353,39.7631,70.07,52,96,9.35,overcast clouds
378,Beringovskiy,RU,63.05,179.3167,31.64,79,100,11.39,overcast clouds
379,Bundaberg,AU,-24.85,152.35,66.22,93,53,3.0,broken clouds
380,Dunedin,NZ,-45.8742,170.5036,46.8,87,79,3.87,broken clouds
381,West Wendover,US,40.7391,-114.0733,64.36,18,0,0.94,clear sky
382,Kapit,MY,2.0167,112.9333,74.12,99,100,0.74,overcast clouds
383,Okha,RU,53.5739,142.9478,43.45,90,100,11.45,overcast clouds
384,Maracas,BR,-13.4411,-40.4308,77.76,42,85,7.11,overcast clouds
385,Imeni Poliny Osipenko,RU,52.4201,136.4853,42.51,89,100,4.07,overcast clouds
386,Calvia,ES,39.5657,2.5062,75.67,58,23,7.54,few clouds
387,Zabid,YE,14.1951,43.3152,86.86,58,3,5.88,clear sky
388,Esperance,AU,-33.8667,121.9,53.44,87,46,10.02,scattered clouds
389,Khandyga,RU,62.6667,135.6,16.23,97,98,1.52,overcast clouds
390,Linxia,CN,35.6003,103.2064,45.28,45,86,2.73,overcast clouds
391,Virginia Beach,US,36.8529,-75.978,76.03,47,0,6.91,clear sky
392,Whitehorse,CA,60.7161,-135.0538,29.17,90,100,5.75,overcast clouds
393,Sinjar,IQ,36.3209,41.8754,78.55,28,72,4.41,broken clouds
394,Mogadishu,SO,2.0371,45.3438,78.12,83,89,12.03,overcast clouds
395,Morinville,CA,53.8001,-113.652,41.92,61,100,3.44,overcast clouds
396,Khani,GE,41.9563,42.9566,53.17,77,100,3.49,overcast clouds
397,Westport,US,41.1415,-73.3579,70.45,59,9,3.0,clear sky
398,Tornio,FI,65.8481,24.1466,50.02,93,100,16.33,overcast clouds
399,Omboue,GA,-1.5746,9.2618,75.34,87,100,5.14,overcast clouds
400,Suwannaphum,TH,15.6035,103.8021,65.68,90,100,4.54,overcast clouds
401,Ahipara,NZ,-35.1667,173.1667,51.8,82,0,6.15,clear sky
402,Aban,RU,56.67,96.06,30.16,84,20,6.89,few clouds
403,Constantine,DZ,36.365,6.6147,74.61,35,0,2.3,clear sky
404,Vega De Alatorre,MX,20.0333,-96.6333,83.55,68,36,9.84,scattered clouds
405,Antofagasta,CL,-23.65,-70.4,63.68,60,3,8.41,clear sky
406,Maputo,MZ,-25.9653,32.5892,74.88,64,75,16.11,broken clouds
407,Pathein,MM,16.7833,94.7333,75.87,91,89,2.37,overcast clouds
408,Kilindoni,TZ,-7.9139,39.6668,76.53,74,43,15.73,scattered clouds
409,Tubuala,PA,9.5167,-79.0333,83.73,74,40,5.37,light rain
410,Kununurra,AU,-15.7667,128.7333,82.38,65,100,3.44,overcast clouds
411,Campbellton,CA,48.0075,-66.6727,55.85,94,100,7.85,overcast clouds
412,Rusape,ZW,-18.5278,32.1284,73.02,33,63,11.99,broken clouds
413,Mazagao,BR,-0.115,-51.2894,96.85,42,27,7.02,scattered clouds
414,Salalah,OM,17.0151,54.0924,78.89,73,0,4.61,clear sky
415,Choix,MX,26.7092,-108.3219,80.28,73,88,1.43,light rain
416,Dumas,US,35.8656,-101.9732,71.62,34,0,4.61,clear sky
417,Mnogovershinnyy,RU,53.9353,139.9242,36.18,94,100,3.76,overcast clouds
418,Prieska,ZA,-29.6641,22.7474,79.03,20,93,10.87,overcast clouds
419,Xining,CN,36.6167,101.7667,40.73,53,51,0.67,broken clouds
420,Jian,CN,27.1172,114.9793,62.24,59,3,5.7,clear sky
421,Anadyr,RU,64.75,177.4833,23.5,92,40,11.18,scattered clouds
422,Havre-Saint-Pierre,CA,50.2334,-63.5986,50.36,93,100,14.97,overcast clouds
423,Zhigansk,RU,66.7697,123.3711,18.05,94,99,10.49,overcast clouds
424,Nilagiri,IN,21.4582,86.7722,76.98,88,10,2.33,clear sky
425,Mocuba,MZ,-16.8392,36.9856,79.54,51,0,8.9,clear sky
426,Toktogul,KG,41.8708,72.9402,61.86,35,3,1.16,clear sky
427,Aktau,KZ,43.65,51.2,59.58,49,100,8.52,overcast clouds
428,Ajaccio,FR,42.0,8.9167,64.38,78,0,8.05,clear sky
429,Cayenne,GF,4.9333,-52.3333,91.44,55,0,13.8,clear sky
430,Meulaboh,ID,4.1363,96.1285,75.43,90,100,4.94,light rain
431,Lavrentiya,RU,65.5833,-171.0,28.11,82,40,14.9,scattered clouds
432,Charters Towers,AU,-20.1,146.2667,69.22,86,46,6.42,scattered clouds
433,Uaua,BR,-9.8414,-39.4817,93.15,20,6,14.88,clear sky
434,Emerald,AU,-23.5333,148.1667,71.35,68,52,7.14,light rain
435,Ler,SS,8.3018,30.1418,76.39,77,93,1.1,overcast clouds
436,Hokitika,NZ,-42.7167,170.9667,50.49,87,96,1.43,overcast clouds
437,Montrose,US,38.4166,-108.2673,57.45,19,0,1.21,clear sky
438,Vanimo,PG,-2.6741,141.3028,77.52,90,81,5.44,broken clouds
439,Laguna De Perlas,NI,12.3429,-83.6712,78.89,73,78,6.4,broken clouds
440,Okhotsk,RU,59.3833,143.3,28.29,59,19,8.93,few clouds
441,Tabalosos,PE,-6.35,-76.6833,64.6,97,100,2.77,overcast clouds
442,Beloha,MG,-25.1667,45.05,70.09,82,0,6.26,clear sky
443,Bitung,ID,1.4451,125.1824,77.85,84,98,7.9,overcast clouds
444,Port Macquarie,AU,-31.4333,152.9167,54.9,86,27,3.96,scattered clouds
445,Dumai,ID,1.6833,101.45,74.48,97,99,4.23,overcast clouds
446,Baiyin,CN,36.5583,104.2081,48.0,32,68,1.99,broken clouds
447,Bagdarin,RU,54.4333,113.6,24.13,70,98,5.99,overcast clouds
448,Himatnagar,IN,23.6,72.95,78.06,43,3,3.83,clear sky
449,Sao Miguel Do Araguaia,BR,-13.275,-50.1628,101.17,16,100,6.04,overcast clouds
450,Dalen,NL,52.6992,6.7556,59.25,82,100,5.99,overcast clouds
451,Kichha,IN,28.9167,79.5,70.92,83,0,3.04,clear sky
452,Svetlogorsk,BY,52.6333,29.7333,45.0,76,17,8.97,few clouds
453,Smirnykh,RU,49.75,142.8333,38.44,92,15,1.41,few clouds
454,Georgiyevka,KZ,43.0369,74.7114,50.04,57,91,6.71,smoke
455,Kabanjahe,ID,3.1001,98.4908,63.14,98,100,4.32,overcast clouds
456,Tashtagol,RU,52.7657,87.8894,33.03,70,8,3.94,clear sky
457,Mbalmayo,CM,3.5167,11.5,69.57,97,86,4.12,moderate rain
458,Iserlohn,DE,51.3667,7.7,60.8,92,40,8.05,scattered clouds
459,Noumea,NC,-22.2763,166.4572,58.98,75,2,6.71,clear sky
460,Waitati,NZ,-45.75,170.5667,46.8,87,76,3.49,broken clouds
461,Tomislavgrad,BA,43.7181,17.2267,52.79,81,22,0.72,few clouds
462,Perelyub,RU,51.8667,50.3667,41.67,66,58,6.8,broken clouds
463,Klaksvik,FO,62.2266,-6.589,41.92,81,99,16.78,overcast clouds
464,Barsovo,RU,61.1667,73.1667,41.13,87,97,5.84,overcast clouds
465,Sukhobezvodnoye,RU,57.0491,44.8891,37.31,90,46,3.87,scattered clouds
466,Tecoanapa,MX,16.5167,-98.75,85.21,68,20,4.7,few clouds
467,Hofn,IS,64.2539,-15.2082,43.25,71,100,20.15,overcast clouds
468,Lata,PT,40.1629,-8.3327,69.08,66,95,6.67,overcast clouds
469,Miandrivazo,MG,-19.5167,45.4667,78.91,63,7,11.97,clear sky
470,Lubao,PH,14.9167,120.55,83.91,91,99,5.48,overcast clouds
471,Magadan,RU,59.5667,150.8,20.97,67,12,6.17,few clouds
472,Porto Walter,BR,-8.2686,-72.7439,73.76,94,100,2.55,overcast clouds
473,Namibe,AO,-15.1961,12.1522,74.03,78,100,13.8,overcast clouds
474,Tacoronte,ES,28.4769,-16.4102,70.32,84,20,11.5,few clouds
475,Berbera,SO,10.4396,45.0143,84.56,64,0,7.36,clear sky
476,Hambantota,LK,6.1241,81.1185,78.73,84,99,12.15,overcast clouds
477,Acari,PE,-15.4311,-74.6158,77.99,44,10,10.02,clear sky
478,Flin Flon,CA,54.7682,-101.865,37.24,60,100,19.57,overcast clouds
479,Tomatlan,MX,19.9333,-105.25,86.45,68,41,3.96,scattered clouds
480,Coihaique,CL,-45.5752,-72.0662,59.61,55,75,5.75,broken clouds
481,Hamilton,US,39.1834,-84.5333,60.75,38,0,10.36,clear sky
482,Moose Factory,CA,51.2585,-80.6094,51.8,62,0,8.05,clear sky
483,Koubia,GN,11.5833,-11.9,71.49,87,100,2.15,overcast clouds
484,Sioux Lookout,CA,50.1001,-91.917,35.67,100,100,5.75,overcast clouds
485,Ilulissat,GL,69.2167,-51.1,28.42,43,40,21.85,scattered clouds
486,Nioro,GM,13.35,-15.75,85.8,72,90,1.59,light rain
487,Todos Santos,MX,23.45,-110.2167,78.44,69,88,6.62,overcast clouds
488,Rio Grande,BR,-32.035,-52.0986,66.31,74,100,17.81,overcast clouds
489,Hobyo,SO,5.3505,48.5268,78.84,80,13,16.22,few clouds
490,Boralday,KZ,43.3578,76.8594,51.66,32,40,0.0,smoke
491,Suntar,RU,62.1444,117.6319,29.28,84,100,6.26,overcast clouds
492,Leh,IN,34.1667,77.5833,43.54,31,30,5.3,scattered clouds
493,Wenling,CN,28.3669,121.36,68.65,80,100,12.19,overcast clouds
494,Itapirapua,BR,-15.8233,-50.6133,103.64,13,43,3.29,scattered clouds
495,Acarau,BR,-2.8856,-40.12,88.52,54,7,19.93,clear sky
496,Bella Union,UY,-30.2752,-57.6007,69.28,62,72,10.51,broken clouds
497,Ust-Tsilma,RU,65.441,52.1498,38.62,97,100,3.58,overcast clouds
498,Saint-Leu,RE,-21.15,55.2833,73.96,100,97,7.65,overcast clouds
499,Lodwar,KE,3.1191,35.5973,88.3,31,99,10.25,overcast clouds
500,Hasaki,JP,35.7333,140.8333,61.29,73,70,11.34,broken clouds
501,Costa Rica,BR,-23.4167,-54.65,76.19,69,97,8.63,overcast clouds
502,Port-Cartier,CA,50.0334,-66.8654,48.42,98,100,18.95,heavy intensity rain
503,Pirojpur,BD,22.5667,89.9833,75.97,76,5,6.31,clear sky
504,Champerico,GT,14.3,-91.9167,88.34,78,98,2.15,overcast clouds
505,Iskateley,RU,67.6803,53.1512,40.3,97,100,6.4,overcast clouds
506,Ambanja,MG,-13.6833,48.45,72.95,83,76,1.23,light rain
507,Konstantinovka,RU,49.6167,127.9833,38.8,36,0,11.18,clear sky
508,Bakchar,RU,57.0186,82.0711,31.93,68,92,3.44,overcast clouds
509,Clovis,US,36.8252,-119.7029,87.67,50,0,1.01,clear sky
510,Taksimo,RU,56.3444,114.8794,24.24,83,30,5.17,scattered clouds
511,Sabha,LY,27.0377,14.4283,78.04,24,0,10.8,clear sky
512,Touros,BR,-5.1989,-35.4608,84.25,61,89,19.46,overcast clouds
513,Galveston,US,29.3669,-94.9669,88.09,67,0,12.66,clear sky
514,Saint-Augustin,CA,51.226,-58.6502,56.84,62,100,4.79,overcast clouds
515,Ayagoz,KZ,47.9714,80.4392,46.24,29,30,3.38,scattered clouds
516,Burlington,US,39.8835,-74.6413,72.99,44,0,12.66,clear sky
517,Berlevag,NO,70.8578,29.0864,37.4,87,100,5.75,overcast clouds
518,Kiunga,PG,-6.1219,141.2906,74.57,99,100,1.59,overcast clouds
519,Ambikapur,IN,23.1167,83.2,69.46,91,13,3.18,few clouds
520,Tatarskaya Pishlya,RU,54.0608,44.8998,37.44,73,25,4.56,scattered clouds
521,Huarmey,PE,-10.0681,-78.1522,68.47,70,78,12.37,broken clouds
522,Koulikoro,ML,14.0,-7.75,90.36,36,85,4.81,overcast clouds
523,Manali,IN,13.1667,80.2667,84.29,79,22,5.77,few clouds
524,Kuvandyk,RU,51.4781,57.3552,42.69,88,95,3.49,overcast clouds
525,Kasongo,CD,-4.45,26.6667,71.31,82,93,6.53,overcast clouds
526,Arrifes,PT,37.7667,-25.7,68.25,64,40,16.11,scattered clouds
527,Greenville,US,35.6127,-77.3663,77.13,40,0,8.05,clear sky
528,Kudahuvadhoo,MV,2.6708,72.8944,80.35,80,96,16.64,overcast clouds
529,Porosozero,RU,62.7191,32.727,45.34,94,100,7.81,overcast clouds
530,Lumphat,KH,13.4878,106.9816,67.33,99,96,2.35,overcast clouds
531,Ginir,ET,7.1333,40.7,60.24,83,89,2.93,light rain
532,Hami,CN,42.8,93.45,54.21,28,0,3.53,clear sky
533,Russell,US,32.3502,-85.1999,81.97,31,0,3.44,clear sky
534,Puerto Lopez,CO,4.0845,-72.956,89.73,55,34,4.07,scattered clouds
535,Ranipur,PK,27.2879,68.5051,81.91,19,0,3.98,clear sky
536,Krasnokholmskiy,RU,55.9873,55.0466,43.65,91,100,4.7,overcast clouds
537,Kimbe,PG,-5.5502,150.1429,76.6,91,99,2.93,overcast clouds
538,Waipawa,NZ,-41.4122,175.5153,41.16,90,100,3.78,overcast clouds
539,Vestmannaeyjar,IS,63.4427,-20.2734,43.79,65,0,19.57,clear sky
540,Straumen,NO,63.8709,11.2999,41.0,84,85,6.08,overcast clouds
541,Fairbanks,US,64.8378,-147.7164,29.23,72,100,4.61,overcast clouds
542,Ambilobe,MG,-13.2,49.05,75.33,64,90,3.18,overcast clouds
543,Grindavik,IS,63.8424,-22.4338,41.47,75,75,26.46,broken clouds
544,Torrijos,ES,39.9819,-4.2835,78.85,27,1,9.1,clear sky
545,Manosque,FR,43.8288,5.7869,66.56,62,37,5.82,scattered clouds
546,Egvekinot,RU,66.3167,-179.1667,12.24,78,59,8.1,broken clouds
547,Athens,GR,37.9795,23.7162,65.25,69,40,18.01,scattered clouds
548,Maravilha,BR,-26.7608,-53.1725,70.52,80,100,3.71,overcast clouds
549,Ust-Kuyga,RU,70.0167,135.6,11.62,95,100,8.43,overcast clouds
550,Tazovskiy,RU,67.4667,78.7,32.9,87,96,9.31,overcast clouds
551,Namatanai,PG,-3.6667,152.4333,79.07,82,57,7.58,light rain
552,Garden City,US,42.3256,-83.331,53.51,52,75,13.8,broken clouds
553,Ostrovnoy,RU,68.0531,39.5131,41.05,90,9,7.99,clear sky
554,Sirsi,IN,14.6167,74.85,70.74,94,96,0.83,overcast clouds
555,Shingu,JP,33.7333,135.9833,66.29,89,3,4.45,clear sky
556,Sable-Sur-Sarthe,FR,47.8376,-0.3329,62.85,60,100,11.18,overcast clouds
557,Coffs Harbour,AU,-30.3,153.1333,58.96,88,100,0.0,overcast clouds
558,Mecca,SA,21.4267,39.8261,84.54,52,5,3.42,clear sky
559,Ulagan,RU,50.6321,87.9563,35.11,36,6,2.3,clear sky
560,Carahue,CL,-38.7,-73.1667,66.81,41,63,6.46,broken clouds
561,Filotion,GR,37.05,25.5,63.32,79,90,22.21,overcast clouds
562,Biak,ID,-0.9131,122.8766,76.68,84,64,4.38,broken clouds
563,Moss Vale,AU,-34.55,150.3833,48.33,91,52,3.76,broken clouds
564,Zitiste,RS,45.485,20.5497,60.15,48,78,14.38,broken clouds
565,Tura,IN,25.5198,90.2201,67.82,77,1,3.96,clear sky
566,Kungurtug,RU,50.5994,97.5228,22.64,52,0,1.43,clear sky
567,Acajutla,SV,13.5928,-89.8275,84.4,69,32,4.07,scattered clouds
568,Caete,BR,-19.88,-43.6697,86.25,33,88,9.13,overcast clouds
569,Vakhtan,RU,57.9659,46.6889,41.29,84,62,3.49,broken clouds
570,Dillon,US,34.4166,-79.3712,80.94,32,0,6.96,clear sky
571,Baykit,RU,61.67,96.37,29.61,86,86,1.77,overcast clouds
572,Myshkin,RU,57.7897,38.4545,40.95,89,94,5.88,overcast clouds
573,Talaya,RU,61.3833,152.75,-3.06,100,100,1.39,overcast clouds
574,Wasilla,US,61.5814,-149.4394,38.21,55,100,13.8,light rain
575,Aktas,KZ,49.7789,72.9608,53.35,24,100,7.87,overcast clouds
576,Nurota,UZ,40.5614,65.6886,63.59,29,1,7.67,clear sky
577,Haines Junction,CA,60.7522,-137.5108,28.35,93,100,2.3,overcast clouds
578,Portland,US,45.5234,-122.6762,75.61,49,0,11.99,clear sky
579,Gazojak,TM,41.1875,61.4036,66.0,31,56,10.31,broken clouds
580,Hervey Bay,AU,-25.2986,152.8535,67.01,86,5,10.0,clear sky
581,Los Llanos De Aridane,ES,28.6585,-17.9182,72.12,76,40,10.36,scattered clouds
582,Gumdag,TM,39.2061,54.5906,72.41,33,55,2.19,broken clouds
583,Bani,DO,18.2833,-70.3333,88.86,51,23,10.02,few clouds
584,Itaueira,BR,-7.6033,-43.0256,100.67,16,45,10.71,scattered clouds
585,Zyryanka,RU,65.75,150.85,3.56,99,98,5.32,overcast clouds
586,Margate,GB,51.3813,1.3862,59.31,76,100,4.0,overcast clouds
587,Sibolga,ID,1.7427,98.7792,73.8,97,100,2.44,overcast clouds
588,Sao Lourenco Do Sul,BR,-31.3653,-51.9783,62.73,74,100,15.66,overcast clouds
589,Naze,JP,28.3667,129.4833,77.92,87,75,10.51,broken clouds
590,Kismayo,SO,-0.3582,42.5454,77.58,80,74,10.87,broken clouds
591,Kotido,UG,2.9806,34.1331,81.1,37,97,15.32,overcast clouds
592,Araouane,ML,18.9048,-3.5265,100.02,9,83,1.14,broken clouds
593,Talagang,PK,32.9297,72.4158,76.8,24,0,3.31,clear sky
594,Lardos,GR,36.0942,28.0157,62.42,79,100,20.98,overcast clouds
595,Mgachi,RU,51.05,142.2667,40.89,88,61,5.93,broken clouds
596,Nehe,CN,48.4833,124.8333,39.33,34,0,15.01,clear sky
597,Nouadhibou,MR,20.931,-17.0347,73.38,73,0,18.41,clear sky
598,Kovdor,RU,67.5662,30.4758,41.38,96,100,5.35,overcast clouds
599,Fort Nelson,CA,58.8053,-122.7002,33.94,65,100,3.44,overcast clouds
600,Kavaratti,IN,10.5669,72.642,82.13,70,99,0.13,overcast clouds
601,Roma,US,43.2128,-75.4557,69.82,41,100,14.97,overcast clouds
602,Tonantins,BR,-2.8731,-67.8022,83.93,78,83,1.41,broken clouds
603,Padang,ID,-0.9492,100.3543,73.45,97,100,0.98,heavy intensity rain
604,Borovskoy,KZ,53.8,64.15,45.88,67,82,6.51,broken clouds
605,Yeppoon,AU,-23.1333,150.7333,69.58,87,2,5.95,clear sky
606,Grand Gaube,MU,-20.0064,57.6608,72.0,70,15,3.0,few clouds
607,Alta Floresta,BR,-9.8756,-56.0861,91.22,52,0,8.05,clear sky
608,Acapulco,MX,16.8634,-99.8901,85.82,74,40,5.75,scattered clouds
609,Tessalit,ML,20.1986,1.0114,94.17,7,1,11.52,clear sky
610,Vallenar,CL,-28.5708,-70.7581,76.66,35,0,7.83,clear sky
611,Gbadolite,CD,4.2833,21.0167,73.92,95,100,2.64,overcast clouds
612,Lethem,GY,3.3803,-59.7968,92.03,47,97,6.73,overcast clouds
613,Tautira,PF,-17.7333,-149.15,76.08,84,32,13.8,light rain
614,Jimenez,MX,28.3333,-105.4,81.75,34,75,11.83,broken clouds
615,Dafeng,CN,23.4517,108.5881,69.76,35,34,6.55,scattered clouds
616,Sechura,PE,-5.5569,-80.8222,76.44,52,19,9.48,few clouds
617,Coquimbo,CL,-29.9533,-71.3436,58.73,72,100,8.05,overcast clouds
618,Hirado,JP,33.3597,129.5531,62.38,82,0,13.58,clear sky
619,Toyooka,JP,35.5333,134.8333,62.55,88,75,1.52,broken clouds
620,Darovskoy,RU,58.77,47.9564,40.5,89,65,3.85,broken clouds
621,Buckeye,US,33.3703,-112.5838,82.83,57,75,5.75,broken clouds
622,Lerwick,GB,60.1545,-1.1494,48.2,82,97,17.6,light rain
623,Alto Piquiri,BR,-24.0281,-53.4406,77.72,63,95,10.56,overcast clouds
624,Imbituba,BR,-28.24,-48.6703,70.86,91,100,9.84,overcast clouds
625,Santa Maria,BR,-29.6842,-53.8069,74.5,57,40,13.8,scattered clouds
626,Mandalon,GR,40.8583,22.2097,59.61,54,50,2.66,scattered clouds
627,Marsa Matruh,EG,31.3525,27.2453,74.5,63,73,17.6,broken clouds
628,Kitimat,CA,54.0524,-128.6534,55.78,28,99,3.6,overcast clouds
629,Buraydah,SA,26.326,43.975,82.85,14,0,9.17,clear sky
630,Blagoyevo,RU,63.3667,47.9167,41.07,97,100,3.67,overcast clouds
631,Karavukovo,RS,45.495,19.1881,60.82,48,81,8.28,broken clouds
632,Turbat,PK,26.0023,63.044,81.25,45,0,2.24,clear sky
633,Boddam,GB,57.4667,-1.7833,48.58,72,56,18.86,broken clouds
634,Turkistan,KZ,43.0,68.0,59.94,34,42,5.48,scattered clouds
635,San Policarpo,PH,12.1791,125.5072,79.63,87,16,7.4,few clouds
636,Keflavik,IS,64.0049,-22.5624,41.43,75,75,26.46,broken clouds
637,Ewa Beach,US,21.3156,-158.0072,75.4,83,0,4.61,clear sky
638,Poum,NC,-20.2333,164.0167,73.53,74,40,8.48,scattered clouds
639,Samarai,PG,-10.6167,150.6667,80.35,84,64,10.33,broken clouds
640,Nome,US,64.5011,-165.4064,30.27,47,0,13.8,clear sky
641,Terrace,CA,54.5163,-128.6035,55.31,94,100,6.91,mist
642,Peace River,CA,56.2501,-117.286,39.51,70,75,4.61,broken clouds
643,Sumbe,AO,-11.2061,13.8437,76.08,80,50,8.81,scattered clouds
644,Southbridge,US,42.0751,-72.0334,70.27,51,0,1.99,clear sky
645,Dali,CN,25.7,100.1833,59.68,94,90,3.51,overcast clouds
646,Kargalinskaya,RU,43.7417,46.4792,58.71,86,100,5.59,overcast clouds
647,Gamba,GA,-2.65,10.0,76.68,81,100,7.0,overcast clouds
648,San Lorenzo,PY,-25.3333,-57.5333,85.14,54,75,9.22,broken clouds
649,Altayskoye,RU,51.9533,85.3325,46.36,44,56,5.14,broken clouds
650,Pringsewu,ID,-5.3582,104.9744,75.43,92,100,4.38,overcast clouds
651,Zemio,CF,5.0314,25.1361,72.86,87,90,2.13,light rain
652,Ushtobe,KZ,45.2514,77.9838,61.05,17,77,8.01,broken clouds
653,Peno,RU,56.9262,32.7426,44.04,82,31,8.03,scattered clouds
654,Sheltozero,RU,61.3667,35.3667,46.35,88,95,6.44,overcast clouds
655,Soroti,UG,1.7146,33.6111,74.16,56,100,3.42,overcast clouds
656,Nusaybin,TR,37.0778,41.2178,75.09,34,91,2.86,overcast clouds
657,Notre-Dame-Du-Lac,CA,47.6136,-68.7964,62.94,97,100,5.68,overcast clouds
658,Xuddur,SO,4.1213,43.8894,77.85,64,97,10.09,light rain
659,Winneba,GH,5.3511,-0.6231,78.58,85,100,12.33,light rain
660,Luebo,CD,-5.35,21.4167,77.05,73,85,4.29,overcast clouds
661,Buchanan,LR,5.8808,-10.0467,78.22,84,94,11.7,light rain
662,Petit Goave,HT,18.4314,-72.8669,83.17,70,36,1.45,light rain
663,Nuevo Progreso,MX,23.1667,-97.95,88.54,69,4,3.6,clear sky
664,Richards Bay,ZA,-28.783,32.0377,69.03,72,100,8.41,overcast clouds
665,Freeport,US,40.6576,-73.5832,70.3,59,0,12.66,clear sky
666,Silchar,IN,24.8167,92.8,73.94,89,2,2.82,clear sky
667,Raudeberg,NO,61.9875,5.1352,48.87,58,73,11.54,broken clouds
668,Mugur-Aksy,RU,50.35,90.5,26.62,48,5,4.7,clear sky
669,Emba,KZ,48.8264,58.1442,46.98,53,45,2.68,scattered clouds
670,Lapua,FI,62.9693,23.0088,53.35,83,98,12.68,light rain
671,Thinadhoo,MV,0.5333,72.9333,82.13,74,92,16.26,light rain
672,Abu Samrah,SY,35.3029,37.1841,74.7,46,41,6.93,scattered clouds
673,La Ronge,CA,55.1001,-105.2842,39.42,48,75,16.11,broken clouds
674,Bokhan,RU,53.153,103.7714,27.59,85,29,1.99,scattered clouds
675,Gold Coast,AU,-28.0,153.4333,63.0,87,100,0.0,overcast clouds
676,Rupert,US,42.6191,-113.6772,53.55,47,0,13.8,clear sky
677,Gaya,IN,24.7833,85.0,73.31,94,2,0.0,mist
678,Camacha,PT,33.0833,-16.3333,71.02,68,20,8.05,few clouds
679,Pajapan,MX,18.25,-94.7,77.16,73,84,6.85,light rain
680,Andili,PH,7.462,125.9701,75.38,93,100,1.77,overcast clouds
681,Saint-Francois,FR,46.4154,3.9054,63.84,82,0,3.44,clear sky
682,Makakilo City,US,21.3469,-158.0858,73.98,82,0,4.61,clear sky
683,Kaeo,NZ,-35.1,173.7833,46.33,94,4,4.54,clear sky
684,Chicama,PE,-7.8447,-79.1469,63.14,55,29,10.69,scattered clouds
685,Divnogorsk,RU,55.9594,92.3619,25.29,87,25,2.53,scattered clouds
686,Hof,DE,50.3167,11.9167,59.5,91,75,9.22,broken clouds
687,Arlit,NE,18.7369,7.3853,94.51,8,0,6.62,clear sky
688,Doha,QA,25.2867,51.5333,87.78,58,0,4.61,clear sky
689,Yerbogachen,RU,61.2767,108.0108,28.81,81,100,8.32,overcast clouds
690,Pointe Michel,DM,15.25,-61.3833,86.29,74,75,3.44,broken clouds
691,Shelui,TZ,-4.3667,34.2,85.8,25,95,8.5,overcast clouds
692,Leshan,CN,29.5623,103.7639,62.38,78,100,1.28,overcast clouds
693,Yelizovo,RU,53.1873,158.3805,28.54,93,0,4.47,clear sky
694,Mabaruma,GY,8.2,-59.7833,85.53,71,87,5.48,overcast clouds
695,Lokomotivnyy,RU,53.0118,60.5684,40.01,67,31,7.7,scattered clouds
696,Luba,GQ,3.4568,8.5547,77.2,87,100,5.64,light rain
697,Behbahan,IR,30.5959,50.2417,80.71,40,1,2.26,clear sky
698,Bafra,TR,41.5678,35.9069,63.82,76,90,1.68,overcast clouds
699,Avigliano,IT,40.7329,15.72,54.66,72,0,1.77,clear sky
700,Karlskoga,SE,59.3267,14.5239,51.12,96,76,2.86,broken clouds
701,Lasa,IT,46.6166,10.7002,59.88,95,94,1.77,overcast clouds
702,Sola,VU,-13.8833,167.55,79.39,76,98,17.85,overcast clouds
703,Novooleksiyivka,UA,46.2269,34.6428,52.21,58,62,15.82,broken clouds
704,Sanghar,PK,26.0466,68.9481,82.8,18,0,1.77,clear sky
705,Shushenskoye,RU,53.325,91.9356,31.98,74,8,1.28,clear sky
